andrs001,Andrews,Shane,R,R,MON,X
benns001,Bennett,Shayne,R,R,MON,X
bullj001,Bullinger,Jim,R,R,MON,X
cabro001,Cabrera,Orlando,R,R,MON,X
chavr001,Chavez,Raul,R,R,MON,X
cormr001,Cormier,Rheal,L,L,MON,X
daalo001,Daal,Omar,L,L,MON,X
dehar001,DeHart,Rick,L,L,MON,X
falts001,Falteisek,Steve,R,R,MON,X
fletd001,Fletcher,Darrin,L,R,MON,X
fullb001,Fullmer,Brad,L,R,MON,X
grudm001,Grudzielanek,Mark,R,R,MON,X
guerv001,Guerrero,Vladimir,R,R,MON,X
hermd001,Hermanson,Dustin,R,R,MON,X
johnm002,Johnson,Mike,L,R,MON,X
judej001,Juden,Jeff,R,R,MON,X
klins002,Kline,Steve,B,L,MON,X
lansm001,Lansing,Mike,R,R,MON,X
martp001,Martinez,Pedro J.,R,R,MON,X
mcgur001,McGuire,Ryan,L,L,MON,X
meulh001,Meulens,Hensley,R,R,MON,X
obans001,Obando,Sherman,R,R,MON,X
orsuj001,Orsulak,Joe,L,L,MON,X
panij001,Paniagua,Jose,R,R,MON,X
perec001,Perez,Carlos,L,L,MON,X
rodrh001,Rodriguez,Henry,L,L,MON,X
santf001,Santangelo,F.P.,B,R,MON,X
segud001,Segui,David,B,L,MON,X
smitl001,Smith,Lee,R,R,MON,X
stana001,Stankiewicz,Andy,R,R,MON,X
strad002,Strange,Doug,B,R,MON,X
stule001,Stull,Everett,R,R,MON,X
telfa001,Telford,Anthony,R,R,MON,X
thurm002,Thurman,Mike,R,R,MON,X
torrs001,Torres,Salomon,R,R,MON,X
urbiu001,Urbina,Ugueth,R,R,MON,X
valdm001,Valdes,Marc,R,R,MON,X
vered001,Veres,Dave,R,R,MON,X
vidrj001,Vidro,Jose,B,R,MON,X
whitr001,White,Rondell,R,R,MON,X
widgc001,Widger,Chris,R,R,MON,X
