alicl001,Alicea,Luis,B,R,TEX,X
cataf001,Catalanotto,Frank,L,R,TEX,X
clarm002,Clark,Mark,R,R,TEX,X
clayr001,Clayton,Royce,R,R,TEX,X
cordf002,Cordero,Francisco,R,R,TEX,X
crabt001,Crabtree,Tim,R,R,TEX,X
cubid001,Cubillan,Darwin,R,R,TEX,X
curtc001,Curtis,Chad,R,R,TEX,X
david002,Davis,Doug,R,L,TEX,X
drank001,Dransfeldt,Kelly,R,R,TEX,X
evant001,Evans,Tom,R,R,TEX,X
glynr001,Glynn,Ryan,R,R,TEX,X
greer001,Greer,Rusty,L,L,TEX,X
grees002,Green,Scarborough,B,R,TEX,X
haseb001,Haselman,Bill,R,R,TEX,X
hellr001,Helling,Rick,R,R,TEX,X
johnj008,Johnson,Jonathan,R,R,TEX,X
kaplg001,Kapler,Gabe,R,R,TEX,X
knorr001,Knorr,Randy,R,R,TEX,X
kolbd001,Kolb,Danny,R,R,TEX,X
lambm001,Lamb,Mike,L,R,TEX,X
leder001,Ledee,Ricky,L,L,TEX,X
loaie001,Loaiza,Esteban,R,R,TEX,X
martd002,Martinez,Dave,L,L,TEX,X
mater001,Mateo,Ruben,R,R,TEX,X
mcdoj002,McDonald,Jason,B,R,TEX,X
munom001,Munoz,Mike,L,L,TEX,X
olivd001,Oliver,Darren,R,L,TEX,X
palmr001,Palmeiro,Rafael,L,L,TEX,X
perim001,Perisho,Matt,L,L,TEX,X
rodri001,Rodriguez,Ivan,R,R,TEX,X
rogek001,Rogers,Kenny,L,L,TEX,X
segud001,Segui,David,B,L,TEX,X
shels001,Sheldon,Scott,R,R,TEX,X
sierr001,Sierra,Ruben,B,R,TEX,X
sikob001,Sikorski,Brian,R,R,TEX,X
valdp001,Valdes,Pedro,L,L,TEX,X
venam002,Venafro,Mike,L,L,TEX,X
waszb001,Waszgis,B.J.,R,R,TEX,X
wettj001,Wetteland,John,R,R,TEX,X
younm003,Young,Mike,R,R,TEX,X
zimmj001,Zimmerman,Jeff,R,R,TEX,X
