aloms001,Alomar Jr.,Sandy,R,R,CLE,X
andeb002,Anderson,Brian,L,L,CLE,X
assep001,Assenmacher,Paul,L,L,CLE,X
baerc001,Baerga,Carlos,B,R,CLE,X
bellj002,Belle,Albert,R,R,CLE,X
burnj001,Burnitz,Jeromy,L,R,CLE,X
candc001,Candaele,Casey,B,R,CLE,X
carrm001,Carreon,Mark,R,L,CLE,X
diaze002,Diaz,Einar,R,R,CLE,X
embra001,Embree,Alan,L,L,CLE,X
espia001,Espinoza,Alvaro,R,R,CLE,X
franj002,Franco,Julio,R,R,CLE,X
gileb002,Giles,Brian,L,L,CLE,X
gravd001,Graves,Danny,R,R,CLE,X
herso001,Hershiser,Orel,R,R,CLE,X
jackd003,Jackson,Damian,R,R,CLE,X
kentj001,Kent,Jeff,R,R,CLE,X
kirbw001,Kirby,Wayne,L,R,CLE,X
leius001,Leius,Scott,R,R,CLE,X
loftk001,Lofton,Kenny,L,L,CLE,X
lopea002,Lopez,Albie,R,R,CLE,X
martd001,Martinez,Dennis,R,R,CLE,X
mcdoj001,McDowell,Jack,R,R,CLE,X
merck001,Mercker,Kent,L,L,CLE,X
mesaj001,Mesa,Jose,R,R,CLE,X
murre001,Murray,Eddie,B,R,CLE,X
nagyc001,Nagy,Charles,L,R,CLE,X
ogeac001,Ogea,Chad,R,R,CLE,X
penag001,Pena,Geronimo,B,R,CLE,X
penat001,Pena,Tony,R,R,CLE,X
perrh001,Perry,Herb,R,R,CLE,X
plune001,Plunk,Eric,R,R,CLE,X
poolj001,Poole,Jim,L,L,CLE,X
ramim002,Ramirez,Manny,R,R,CLE,X
roa-j001,Roa,Joe,R,R,CLE,X
seitk001,Seitzer,Kevin,R,R,CLE,X
shuep001,Shuey,Paul,R,R,CLE,X
swing001,Swindell,Greg,R,L,CLE,X
tavaj001,Tavarez,Julian,R,R,CLE,X
thomj002,Thome,Jim,L,R,CLE,X
thomr004,Thompson,Ryan,R,R,CLE,X
vizcj001,Vizcaino,Jose,B,R,CLE,X
vizqo001,Vizquel,Omar,B,R,CLE,X
wilsn001,Wilson,Nigel,L,L,CLE,X
