alstg001,Alston,Garvin,R,R,COL,X
anthe001,Anthony,Eric,L,L,COL,X
bailr001,Bailey,Roger,R,R,COL,X
batej001,Bates,Jason,B,R,COL,X
beckr003,Beckett,Robbie,R,L,COL,X
bichd001,Bichette,Dante,R,R,COL,X
britj001,Brito,Jorge,R,R,COL,X
burke001,Burks,Ellis,R,R,COL,X
burkj002,Burke,John,R,R,COL,X
castv001,Castilla,Vinny,R,R,COL,X
castp001,Castellano,Pedro,R,R,COL,X
cocka001,Cockrell,Alan,R,R,COL,X
decks001,Decker,Steve,R,R,COL,X
echea001,Echevarria,Angel,R,R,COL,X
farmm001,Farmer,Mike,B,L,COL,X
freem001,Freeman,Marvin,R,R,COL,X
galaa001,Galarraga,Andres,R,R,COL,X
habyj001,Habyan,John,R,R,COL,X
hawbr001,Hawblitzel,Ryan,R,R,COL,X
holmd001,Holmes,Darren,R,R,COL,X
hubbt001,Hubbard,Trenidad,R,R,COL,X
jonet004,Jones,Terry,B,R,COL,X
leskc001,Leskanic,Curt,R,R,COL,X
mccrq001,McCracken,Quinton,B,R,COL,X
munom001,Munoz,Mike,L,L,COL,X
niedd001,Nied,David,R,R,COL,X
owenj001,Owens,Jayhawk,R,R,COL,X
painl001,Painter,Lance,L,L,COL,X
peren001,Perez,Neifi,B,R,COL,X
pullh001,Pulliam,Harvey,R,R,COL,X
reedj001,Reed,Jeff,L,R,COL,X
reeds001,Reed,Steve,R,R,COL,X
rekab001,Rekar,Bryan,R,R,COL,X
reyna001,Reynoso,Armando,R,R,COL,X
ritzk001,Ritz,Kevin,R,R,COL,X
ruffb001,Ruffin,Bruce,B,L,COL,X
swifb001,Swift,Bill,R,R,COL,X
thomm001,Thompson,Milt,L,R,COL,X
thomm002,Thompson,Mark,R,R,COL,X
vandj001,Vanderwal,John,L,L,COL,X
walkl001,Walker,Larry,L,R,COL,X
weisw001,Weiss,Walt,B,R,COL,X
wrigj001,Wright,Jamey,R,R,COL,X
youne001,Young,Eric,R,R,COL,X
