aloms001,Alomar,Sandy,R,R,CHA,X
bainh001,Baines,Harold,L,L,CHA,X
baldj002,Baldwin,James,R,R,CHA,X
barcl001,Barcelo,Lorenzo,R,R,CHA,X
biddr001,Biddle,Rocky,R,R,CHA,X
buehm001,Buehrle,Mark,L,L,CHA,X
cansj001,Canseco,Jose,R,R,CHA,X
chrim002,Christensen,McKay,L,L,CHA,X
clayr001,Clayton,Royce,R,R,CHA,X
credj001,Crede,Joe,R,R,CHA,X
dalem001,Dalesandro,Mark,R,R,CHA,X
durhr001,Durham,Ray,B,R,CHA,X
eldrc001,Eldred,Cal,R,R,CHA,X
embra001,Embree,Alan,L,L,CHA,X
foggj001,Fogg,Josh,R,R,CHA,X
foulk001,Foulke,Keith,R,R,CHA,X
garlj001,Garland,Jon,R,R,CHA,X
gintm001,Ginter,Matt,R,R,CHA,X
glovg001,Glover,Gary,R,R,CHA,X
graft001,Graffanino,Tony,R,R,CHA,X
howrb001,Howry,Bob,L,R,CHA,X
johnm003,Johnson,Mark,L,R,CHA,X
konep001,Konerko,Paul,R,R,CHA,X
lee-c001,Lee,Carlos,R,R,CHA,X
liefj001,Liefer,Jeff,L,R,CHA,X
lowes001,Lowe,Sean,R,R,CHA,X
ordom001,Ordonez,Magglio,R,R,CHA,X
osuna002,Osuna,Antonio,R,R,CHA,X
parqj001,Parque,Jim,L,L,CHA,X
paulj001,Paul,Josh,R,R,CHA,X
perrh001,Perry,Herbert,R,R,CHA,X
pulsb001,Pulsipher,Bill,L,L,CHA,X
ramij001,Ramirez,Julio,R,R,CHA,X
rowaa001,Rowand,Aaron,R,R,CHA,X
singc001,Singleton,Chris,L,L,CHA,X
thomf001,Thomas,Frank,R,R,CHA,X
valej003,Valentin,Jose,B,R,CHA,X
vinik001,Vining,Ken,L,L,CHA,X
welld001,Wells,David,L,L,CHA,X
wellk001,Wells,Kip,R,R,CHA,X
wrigd001,Wright,Daniel,R,R,CHA,X
wunsk001,Wunsch,Kelly,L,L,CHA,X
