alicl001,Alicea,Luis,B,R,KCA,X
austj002,Austin,Jeff,R,R,KCA,X
bailc001,Bailey,Cory,R,R,KCA,X
beltc001,Beltran,Carlos,B,R,KCA,X
bergb001,Berger,Brandon,R,R,KCA,X
berra001,Berroa,Angel M.,R,R,KCA,X
browd002,Brown,Dee,L,R,KCA,X
byrdp001,Byrd,Paul,R,R,KCA,X
chave002,Chavez,Endy,L,L,KCA,X
cogat001,Cogan,Tony,L,L,KCA,X
delgw001,Delgado,Wilson,B,R,KCA,X
durbc001,Durbin,Chad,R,R,KCA,X
dye-j001,Dye,Jermaine,R,R,KCA,X
fasas001,Fasano,Sal,R,R,KCA,X
feblc001,Febles,Carlos,R,R,KCA,X
georc002,George,Chris,L,L,KCA,X
grimj001,Grimsley,Jason,R,R,KCA,X
harvk001,Harvey,Ken,R,R,KCA,X
henrd002,Henry,Doug,R,R,KCA,X
hernr001,Hernandez,Roberto,R,R,KCA,X
hinca001,Hinch,A.J.,R,R,KCA,X
hubbt001,Hubbard,Trenidad,R,R,KCA,X
ibanr001,Ibanez,Raul,L,R,KCA,X
macdm001,MacDougal,Mike,B,R,KCA,X
maynb001,Mayne,Brent,L,R,KCA,X
mccad001,McCarty,David,R,L,KCA,X
meadb001,Meadows,Brian,R,R,KCA,X
mulls002,Mullen,Scott,R,L,KCA,X
ordal001,Ordaz,Luis,R,R,KCA,X
ortih001,Ortiz,Hector,R,R,KCA,X
peren001,Perez,Neifi,B,R,KCA,X
quinm001,Quinn,Mark,R,R,KCA,X
randj002,Randa,Joe,R,R,KCA,X
reicd001,Reichert,Dan,R,R,KCA,X
sadld001,Sadler,Donnie,R,R,KCA,X
sancr001,Sanchez,Rey,R,R,KCA,X
santj002,Santiago,Jose,R,R,KCA,X
steib002,Stein,Blake,R,R,KCA,X
suppj001,Suppan,Jeff,R,R,KCA,X
suzum001,Suzuki,Mac,R,R,KCA,X
sweem002,Sweeney,Mike,R,R,KCA,X
voylb001,Voyles,Brad,R,R,KCA,X
wilsk001,Wilson,Kris,R,R,KCA,X
zaung001,Zaun,Gregg,B,R,KCA,X
