batit001,Batista,Tony,R,R,TOR,X
beirk001,Beirne,Kevin,L,R,TOR,X
borbp001,Borbon,Pedro,L,L,TOR,X
bowlb001,Bowles,Brian,R,R,TOR,X
bushh001,Bush,Homer,R,R,TOR,X
carpc002,Carpenter,Chris,R,R,TOR,X
casta001,Castillo,Alberto,R,R,TOR,X
cocop001,Coco,Pasqual,R,R,TOR,X
cruzj004,Cruz,Jose,B,R,TOR,X
delgc001,Delgado,Carlos,L,R,TOR,X
dewim001,DeWitt,Matt,R,R,TOR,X
escok001,Escobar,Kelvim,R,R,TOR,X
eyres001,Eyre,Scott,L,L,TOR,X
fernt001,Fernandez,Tony,B,R,TOR,X
fileb001,File,Bob,R,R,TOR,X
fletd001,Fletcher,Darrin,L,R,TOR,X
frasj001,Frascatore,John,R,R,TOR,X
freer001,Freel,Ryan,R,R,TOR,X
fryej001,Frye,Jeff,R,R,TOR,X
fullb001,Fullmer,Brad,L,R,TOR,X
gonza001,Gonzalez,Alex,R,R,TOR,X
hallr001,Halladay,Roy,R,R,TOR,X
hamij002,Hamilton,Joey,R,R,TOR,X
iztuc001,Izturis,Cesar,B,R,TOR,X
kochb001,Koch,Billy,R,R,TOR,X
lathc001,Latham,Chris,B,R,TOR,X
loaie001,Loaiza,Esteban,R,R,TOR,X
lopef001,Lopez,Felipe,B,R,TOR,X
lopel003,Lopez,Luis,R,R,TOR,X
lyonb003,Lyon,Brandon,R,R,TOR,X
michc001,Michalak,Chris,L,L,TOR,X
mondr002,Mondesi,Raul,R,R,TOR,X
painl001,Painter,Lance,L,L,TOR,X
parrs001,Parris,Steve,R,R,TOR,X
phelj001,Phelps,Josh,R,R,TOR,X
plesd001,Plesac,Dan,L,L,TOR,X
quanp001,Quantrill,Paul,L,R,TOR,X
simmb001,Simmons,Brian,B,R,TOR,X
stews002,Stewart,Shannon,R,R,TOR,X
wellv001,Wells,Vernon,R,R,TOR,X
woodc001,Woodward,Chris,R,R,TOR,X
