aberb001,Abernathy,Brent,R,R,TBA,SS
alvaw001,Alvarez,Wilson,L,L,TBA,P
backb001,Backe,Brandon,R,R,TBA,P
brazd001,Brazelton,Dewon,R,R,TBA,P
cartl002,Carter,Lance,R,R,TBA,P
coloj001,Colome,Jesus,R,R,TBA,P
contj001,Conti,Jason,L,R,TBA,OF
cox-s001,Cox,Steve,L,L,TBA,1B
crawc002,Crawford,Carl,L,L,TBA,OF
creed001,Creek,Doug,L,L,TBA,P
delol002,De Los Santos,Luis,R,R,TBA,P
escaf001,Escalona,Felix,R,R,TBA,3B
flahj001,Flaherty,John,R,R,TBA,C
gardl001,Gardner,Lee,R,R,TBA,P
gomec001,Gomez,Chris,R,R,TBA,SS
grieb001,Grieve,Ben,L,R,TBA,OF
hallt001,Hall,Toby,R,R,TBA,C
harpt002,Harper,Travis,R,R,TBA,P
hoovp001,Hoover,Paul,R,R,TBA,C
huffa001,Huff,Aubrey,L,R,TBA,OF
jamed002,James,Delvin,R,R,TBA,P
jimej002,Jimenez,Jason,R,L,TBA,P
johnr006,Johnson,Russ,R,R,TBA,3B
kennj001,Kennedy,Joe,R,L,TBA,P
kents001,Kent,Steven,B,L,TBA,P
martt003,Martin,Tom,L,L,TBA,P
mccad001,McCarty,Dave,R,L,TBA,1B
rolld001,Rolls,Damian,R,R,TBA,OF
phelt001,Phelps,Travis,R,R,TBA,P
ruper001,Rupe,Ryan,R,R,TBA,P
sandj001,Sandberg,Jared,R,R,TBA,3B
sheea001,Sheets,Andy,R,R,TBA,2B
smitj001,Smith,Jason,L,R,TBA,SS
smitr003,Smith,Bobby,R,R,TBA,SS
sosaj002,Sosa,Jorge,B,R,TBA,P
stanj001,Standridge,Jason,R,R,TBA,P
sturt001,Sturtze,Tanyon,R,R,TBA,P
tynej001,Tyner,Jason,L,L,TBA,OF
vaugg001,Vaughn,Greg,R,R,TBA,OF
wilsp001,Wilson,Paul,R,R,TBA,P
winnr001,Winn,Randy,B,R,TBA,OF
yan-e001,Yan,Esteban,R,R,TBA,P
zambv001,Zambrano,Victor,R,R,TBA,P
