abboj001,Abbott,Jim,L,L,CAL,X
aldrm001,Aldrete,Mike,L,L,CAL,X
allaa001,Allanson,Andy,R,R,CAL,X
andeb002,Anderson,Brian,L,L,CAL,X
andeg001,Anderson,Garret,L,L,CAL,X
benne001,Bennett,Erik,R,R,CAL,X
bielm001,Bielecki,Mike,R,R,CAL,X
bosks001,Boskie,Shawn,R,R,CAL,X
butcm001,Butcher,Mike,R,R,CAL,X
corrr001,Correia,Rod,R,R,CAL,X
dalem001,Dalesandro,Mark,R,R,CAL,X
davic001,Davis,Chili,B,R,CAL,X
disag001,DiSarcina,Gary,R,R,CAL,X
easld001,Easley,Damion,R,R,CAL,X
edenk001,Edenfield,Ken,R,R,CAL,X
edmoj001,Edmonds,Jim,L,L,CAL,X
fabrj001,Fabregas,Jorge,L,R,CAL,X
finlc001,Finley,Chuck,L,L,CAL,X
flork001,Flora,Kevin,R,R,CAL,X
galld001,Gallagher,Dave,R,R,CAL,X
gonzr001,Gonzales,Rene,R,R,CAL,X
habyj001,Habyan,John,R,R,CAL,X
harkm001,Harkey,Mike,R,R,CAL,X
holzm001,Holzemer,Mark,L,L,CAL,X
hudlr001,Hudler,Rex,R,R,CAL,X
jamem001,James,Mike,R,R,CAL,X
langm001,Langston,Mark,R,L,CAL,X
lindj002,Lind,Jose,R,R,CAL,X
martc002,Martinez,Carlos,R,R,CAL,X
montr002,Monteleone,Rich,R,R,CAL,X
myerg001,Myers,Greg,L,R,CAL,X
owens001,Owen,Spike,B,R,CAL,X
palmo001,Palmeiro,Orlando,L,L,CAL,X
pattb001,Patterson,Bob,R,L,CAL,X
perct001,Percival,Troy,R,R,CAL,X
peree001,Perez,Eduardo,R,R,CAL,X
philt001,Phillips,Tony,B,R,CAL,X
salmt001,Salmon,Tim,R,R,CAL,X
sands001,Sanderson,Scott,R,R,CAL,X
schod001,Schofield,Dick,R,R,CAL,X
smitl001,Smith,Lee,R,R,CAL,X
snowj001,Snow,J.T.,B,L,CAL,X
sprir001,Springer,Russ,R,R,CAL,X
turnc001,Turner,Chris,R,R,CAL,X
willm002,Williams,Mitch,L,L,CAL,X
