anthe001,Anthony,Eric,L,L,CIN,X
berrd002,Berryhill,Damon,B,R,CIN,X
boonb002,Boone,Bret,R,R,CIN,X
branj002,Branson,Jeff,L,R,CIN,X
branj001,Brantley,Jeff,R,R,CIN,X
burbd001,Burba,Dave,R,R,CIN,X
carrh001,Carrasco,Hector,R,R,CIN,X
courj001,Courtright,John,L,L,CIN,X
duncm001,Duncan,Mariano,R,R,CIN,X
gantr001,Gant,Ron,R,R,CIN,X
gibrs001,Gibralter,Steve,R,R,CIN,X
greew001,Greene,Willie,L,R,CIN,X
grotm001,Grott,Matt,L,L,CIN,X
harrl001,Harris,Lenny,L,R,CIN,X
hernx001,Hernandez,Xavier,L,R,CIN,X
howat001,Howard,Thomas,B,R,CIN,X
huntb001,Hunter,Brian,R,L,CIN,X
jackm001,Jackson,Mike,R,R,CIN,X
jarvk001,Jarvis,Kevin,L,R,CIN,X
larkb001,Larkin,Barry,R,R,CIN,X
lewid001,Lewis,Darren,R,R,CIN,X
lewim001,Lewis,Mark,R,R,CIN,X
mcelc001,McElroy,Chuck,L,L,CIN,X
morrh001,Morris,Hal,L,L,CIN,X
nitkc001,Nitkowski,C.J.,L,L,CIN,X
owene001,Owens,Eric,R,R,CIN,X
pennb001,Pennington,Brad,L,L,CIN,X
portm001,Portugal,Mark,R,R,CIN,X
pught001,Pugh,Tim,R,R,CIN,X
reedr002,Reed,Rick,R,R,CIN,X
remlm001,Remlinger,Mike,L,L,CIN,X
rijoj001,Rijo,Jose,R,R,CIN,X
ropej001,Roper,John,R,R,CIN,X
ruffj001,Ruffin,Johnny,R,R,CIN,X
sandd001,Sanders,Deion,L,L,CIN,X
sandr002,Sanders,Reggie,R,R,CIN,X
santb001,Santiago,Benito,R,R,CIN,X
schop001,Schourek,Pete,L,L,CIN,X
smilj001,Smiley,John,L,L,CIN,X
smitp001,Smith,Pete,R,R,CIN,X
sulls001,Sullivan,Scott,R,R,CIN,X
taube001,Taubensee,Ed,L,R,CIN,X
violf001,Viola,Frank,L,L,CIN,X
waltj001,Walton,Jerome,R,R,CIN,X
welld001,Wells,David,L,L,CIN,X
wilsn001,Wilson,Nigel,L,L,CIN,X
wortc001,Worthington,Craig,R,R,CIN,X
