alvag001,Alvarez,Gabe,R,R,DET,X
andem002,Anderson,Matt,R,R,DET,X
ausmb001,Ausmus,Brad,R,R,DET,X
bartk001,Bartee,Kimera,R,R,DET,X
blaiw001,Blair,Willie,R,R,DET,X
borkd001,Borkowski,Dave,R,R,DET,X
brocd001,Brocail,Doug,L,R,DET,X
brunw001,Brunson,Will,L,L,DET,X
cataf001,Catalanotto,Frank,L,R,DET,X
clart002,Clark,Tony,B,R,DET,X
cordf002,Cordero,Francisco,R,R,DET,X
cruzd001,Cruz,Deivi,R,R,DET,X
cruzn001,Cruz,Nelson,R,R,DET,X
easld001,Easley,Damion,R,R,DET,X
encaj001,Encarnacion,Juan,R,R,DET,X
fickr001,Fick,Robert,L,R,DET,X
florb001,Florie,Bryce,R,R,DET,X
garck002,Garcia,Karim,L,L,DET,X
garcl002,Garcia,Luis,R,R,DET,X
gratb001,Graterol,Beiker,R,R,DET,X
haseb001,Haselman,Bill,R,R,DET,X
higgb001,Higginson,Bob,L,R,DET,X
hilje001,Hiljus,Erik,R,R,DET,X
huntb002,Hunter,Brian Lee,R,R,DET,X
jeffg001,Jefferies,Gregg,B,R,DET,X
jonet003,Jones,Todd,L,R,DET,X
kaplg001,Kapler,Gabe,R,R,DET,X
kidam001,Kida,Masao,R,R,DET,X
liraf001,Lira,Felipe,R,R,DET,X
macij001,Macias,Jose,B,R,DET,X
mlicd001,Mlicki,Dave,R,R,DET,X
moehb001,Moehler,Brian,R,R,DET,X
nitkc001,Nitkowski,C.J.,L,L,DET,X
palmd002,Palmer,Dean,R,R,DET,X
polol001,Polonia,Luis,L,L,DET,X
robew001,Roberts,Willis,R,R,DET,X
rojam001,Rojas,Mel,R,R,DET,X
runys001,Runyan,Sean,L,L,DET,X
thomj003,Thompson,Justin,L,L,DET,X
weavj002,Weaver,Jeff,R,R,DET,X
woodj001,Wood,Jason,R,R,DET,X
